id,title,artist_id,category_id,inducted_id,label_id,released_id
1,1999,547,2,35,208,76
2,2000 AND THIRTEEN,117,2,26,208,67
3,3 FEET HIGH AND RISING,163,2,49,188,83
4,3 O'CLOCK BLUES,42,1,41,166,46
5,A CHANGE IS GONNA COME,580,1,27,161,59
6,A CHARLIE BROWN CHRISTMAS,735,2,34,91,59
7,A CHORUS LINE,489,2,34,50,69
8,A CHRISTMAS GIFT FOR YOU FROM PHIL SPECTOR,543,2,26,153,57
9,A HARD DAY'S NIGHT,639,2,27,191,58
10,A LOVE SUPREME,356,2,26,108,58
11,A NATURAL WOMAN YOU MAKE ME FEEL LIKE,23,1,26,22,61
12,A NIGHT AT BIRDLAND,27,2,27,29,48
13,A NIGHT AT THE OPERA,552,2,45,81,69
14,A NIGHT IN TUNISIA,181,1,31,198,40
15,A SONG FOR YOU,414,1,45,172,64
16,A TASTE OF HONEY,301,1,35,2,59
17,A WHITER SHADE OF PALE,549,1,25,70,61
18,"A-TISKET, A-TASKET",140,1,13,64,32
19,ABBEY ROAD,639,2,22,12,63
20,ABC,670,1,44,136,64
21,ABRAXAS,584,2,26,50,64
22,AC-CENT-TCHU-ATE THE POSITIVE,370,1,25,39,39
23,ACT NATURALLY,105,1,40,39,57
24,AFRO-CUBAN JAZZ SUITE,451,3,47,130,44
25,AFTER THE GOLD RUSH,483,2,41,162,64
26,AIN'T IT A SHAME,234,1,29,107,49
27,AIN'T MISBEHAVIN' Piano Solo,716,1,11,198,23
28,AIN'T NO MOUNTAIN HIGH ENOUGH,458,1,26,186,61
29,AIN'T NO SUNSHINE,71,1,26,185,65
30,AIN'T NOBODY HERE BUT US CHICKENS,445,1,40,64,40
31,AJA,622,2,30,3,71
32,ALEXANDER'S RAGTIME BAND,30,1,32,198,9
33,ALFIE,179,1,35,171,61
34,ALICE'S RESTAURANT,25,1,29,162,61
35,ALL ALONG THE WATCHTOWER,671,1,28,162,62
36,ALL I HAVE TO DO IS DREAM,661,1,31,38,52
37,ALL I WANT FOR CHRISTMAS IS MY TWO FRONT TEETH,613,1,34,161,42
38,ALL OF ME,443,1,32,50,26
39,ALL THINGS MUST PASS,272,2,41,12,64
40,ALLONS À LAFAYETTE LAFAYETTE,354,1,40,50,22
41,ALWAYS ON MY MIND,756,1,35,50,76
42,AM I BLUE?,227,1,34,50,23
43,AMAZING GRACE,656,1,27,11,40
44,AMAZING GRACE,24,2,26,22,66
45,AMERICA THE BEAUTIFUL,558,3,32,6,66
46,AMERICAN BEAUTY,286,2,43,208,64
47,AMERICAN PIE,186,1,29,191,65
48,AN AMERICAN IN PARIS — SOUNDTRACK,264,2,33,131,45
49,AN EVENING WITH ANDRES SEGOVIA,17,2,26,64,48
50,AND THE ANGELS SING,51,1,14,161,33
51,ANNIE GET YOUR GUN,497,2,25,64,40
52,ANTHOLOGY OF AMERICAN FOLK MUSIC,731,2,39,94,46
53,ANY OLD TIME,33,1,28,199,32
54,ANYTHING GOES,147,1,39,106,28
55,APPETITE FOR DESTRUCTION,287,2,49,98,81
56,APRIL IN PARIS,151,1,12,49,49
57,AQUARIUS/LET THE SUNSHINE IN THE FLESH FAILURES,1,1,31,177,63
58,ARE YOU EXPERIENCED?,671,2,26,162,61
59,ARE YOU LONESOME TONIGHT?,216,1,34,161,54
60,ARTISTRY IN RHYTHM,621,1,12,39,39
61,AS TIME GOES BY,188,1,37,64,38
62,ASTRAL WEEKS,730,2,26,208,62
63,AT FILLMORE EAST,634,2,26,40,65
64,AT LAST,228,1,26,14,55
65,AT SEVENTEEN,328,1,35,50,69
66,AU CLAIR DE LA LUNE,203,1,48,138,1
67,AUTOBAHN,399,2,42,196,68
68,AXIS: BOLD AS LOVE,671,2,33,162,62
69,BACH-STOKOWSKI: TOCCATA & FUGUE IN D MINOR,422,1,5,201,21
70,BACH: GOLDBERG VARIATIONS,279,2,10,50,50
71,BACH: GOLDBERG VARIATIONS FOR HARPSICHORD,744,2,13,161,39
72,"BACH: SONATA NO. 1 FOR UNACCOMPANIED VIOLIN, BWV 1001",373,2,25,50,25
73,BACH: SUITES FOR UNACCOMPANIED CELLO 6,519,2,12,161,89
74,BACH: THE WELL-TEMPERED CLAVIER Complete,744,2,4,161,93
75,BACK IN BLACK,7,2,40,7,74
76,BACK IN THE SADDLE AGAIN,261,1,24,204,33
77,BALLAD FOR AMERICANS,527,2,7,198,34
78,BALLADS,358,2,35,109,56
79,BANANA BOAT DAY-O,292,1,36,159,50
80,BAND OF GYPSYS,339,2,45,39,64
81,BAND ON THE RUN,526,2,40,12,67
82,BARBER: VIOLIN CONCERTO,417,2,34,50,58
83,BARTÓK: CONCERTO FOR ORCHESTRA,258,2,25,161,50
84,"BARTÓK: CONTRASTS FOR VIOLIN, CLARINET & PIANO",45,2,16,50,34
85,BARTÓK: QUARTETS,381,2,14,50,44
86,BE MY BABY,693,1,26,153,57
87,BE-BOP-A-LULA,265,1,26,39,50
88,BEETHOVEN: CONCERTO IN D MAJOR FOR VIOLIN AND ORCHESTRA,332,2,23,198,34
89,BEETHOVEN: CONCERTOS FOR PIANO NOS. 1–5,37,2,16,198,49
90,BEETHOVEN: PIANO SONATAS 32,36,2,2,25,88
91,BEETHOVEN: QUARTETS FOR STRINGS,107,2,8,50,46
92,BEETHOVEN: SYMPHONIES,38,2,4,161,94
93,BEETHOVEN: SYMPHONY NO. 5,32,2,35,102,10
94,BEETHOVEN: SYMPHONY NO. 7 IN A MAJ. OP. 92,40,2,34,161,30
95,BEETHOVEN: THE FIVE PIANO CONCERTI COMPLETE,274,2,35,50,98
96,BEGGARS BANQUET,692,2,26,125,62
97,BEGIN THE BEGUINE,34,1,4,30,32
98,BEHIND CLOSED DOORS,135,1,26,88,67
99,BEI MIR BIST DU SCHON,635,1,23,64,32
100,BELAFONTE AT CARNEGIE HALL,292,2,26,161,53
101,BELLINI: CASTA DIVA FROM NORMA,570,1,35,198,23
102,BELLS ARE RINGING,500,2,27,50,52
103,BERG: WOZZECK,174,2,17,50,46
104,"BERNSTEIN: MASS—A THEATRE PIECE FOR SINGERS, PLAYERS AND DANCERS",415,2,46,51,65
105,BIG GIRLS DON'T CRY,632,1,42,195,56
106,BILL,298,1,25,198,22
107,BILLIE'S BOUNCE,129,1,29,170,39
108,BIRDLAND,747,1,37,50,71
109,BIRTH OF THE COOL,469,2,9,39,51
110,BITCHES BREW,469,2,26,50,63
111,BIZET: CARMEN,563,2,35,159,45
112,BLACK AND TAN FANTASY,195,1,8,198,22
113,BLACK MOUNTAIN RAG,183,1,33,194,58
114,"BLACK, BROWN AND BEIGE",194,1,17,161,38
115,BLOCH: SCHELOMO,217,2,26,161,34
116,BLONDE ON BLONDE,88,2,26,50,60
117,BLOOD ON THE TRACKS,88,2,42,50,69
118,"BLOOD, SWEAT & TEARS",86,2,29,50,63
119,BLOWIN' IN THE WIND,88,1,21,50,57
120,BLOWIN' IN THE WIND,541,1,30,208,57
121,BLUE,371,2,26,162,65
122,BLUE MOON OF KENTUCKY,70,1,25,50,39
123,BLUE SUEDE SHOES,116,1,13,184,50
124,BLUE TRAIN,356,2,26,29,51
125,BLUE YODEL #9 STANDING ON THE CORNER,343,1,34,198,24
126,BLUE YODEL T FOR TEXAS,342,1,12,198,22
127,BLUEBERRY HILL,234,1,14,107,50
128,BLUES BREAKERS,362,2,48,125,60
129,BLUES STAY AWAY FROM ME,655,1,34,120,43
130,BO DIDDLEY,87,1,25,45,49
131,BODY AND SOUL,148,1,1,30,33
132,BOGALUSA BOOGIE,145,2,38,15,70
133,BOHEMIAN RHAPSODY,552,1,31,81,70
134,BONAPARTE'S RETREAT,740,1,40,123,31
135,BOOGIE CHILLUN,360,1,26,133,42
136,BOOGIE WOOGIE BUGLE BOY,635,1,27,64,35
137,BOOM BOOM,360,1,43,195,56
138,BORN IN THE U.S.A.,103,2,39,50,78
139,BORN TO BE WILD,623,1,29,78,62
140,BORN TO RUN,103,2,30,50,69
141,BORN UNDER A BAD SIGN,13,2,26,181,61
142,BOTH SIDES NOW,377,1,30,81,62
143,BRAHMS: TRIO NO. 1 IN B MAJOR,331,2,26,198,36
144,BRAZIL AQUARELA DO BRASIL,347,1,36,64,36
145,BREEZIN',268,2,35,208,70
146,BRIDGE OVER TROUBLED WATER,595,1,25,50,64
147,BRIGADOON,102,2,38,161,41
148,BRILLIANT CORNERS,713,2,26,163,50
149,BRING IT ON HOME TO ME,580,1,45,161,56
150,BRINGING IT ALL BACK HOME,88,2,33,50,59
151,BRITTEN: WAR REQUIEM OP. 66,48,2,25,125,57
152,"BROTHER, CAN YOU SPARE A DIME?",77,1,32,34,26
153,BROWN EYED GIRL,730,1,34,23,61
154,BUENA VISTA SOCIAL CLUB,109,2,49,210,86
155,BY THE TIME I GET TO PHOENIX,278,1,31,39,61
156,BYE BYE BLACKBIRD,260,1,32,198,20
157,BYE BYE LOVE,661,1,25,38,51
158,CABARET,514,2,35,3,66
159,CALDONIA BOOGIE,445,1,25,64,39
160,CALIFORNIA DREAMIN',677,1,28,78,60
161,CALIFORNIA GIRLS,638,1,37,39,59
162,"CALIFORNIA, HERE I COME",12,1,32,34,18
163,CALL IT STORMY MONDAY,628,1,18,28,42
164,CALYPSO,292,2,42,161,50
165,CAMELOT,503,2,33,50,54
166,CAN THE CIRCLE BE UNBROKEN BYE AND BYE,645,1,25,13,29
167,CANCIONES DE MI PADRE,430,2,48,20,81
168,CANDIDE,492,2,25,50,50
169,CANDY,63,1,26,170,50
170,CAPITOL PRESENTS THE KING COLE TRIO,673,2,47,39,38
171,CARAVAN,194,1,36,127,31
172,CARNEGIE HALL JAZZ CONCERT,49,2,2,50,44
173,CAROLINA SHOUT,325,1,47,143,15
174,CAROUSEL,499,2,25,64,39
175,CAT'S IN THE CRADLE,293,1,38,81,68
176,CATCH A FIRE,91,2,37,110,67
177,CELEBRATION,398,1,43,61,74
178,CHAIN OF FOOLS,23,1,28,22,61
179,CHANCES ARE,369,1,25,50,51
180,CHANGES,160,1,44,161,66
181,CHARLIE PARKER WITH STRINGS,128,2,15,130,44
182,CHATTANOOGA CHOO CHOO,281,1,23,30,35
183,CHEAP THRILLS,60,2,34,50,62
184,CHEEK TO CHEEK,254,1,27,34,29
185,CHEGA DE SAUDADE,352,1,27,142,52
186,CHEROKEE,127,1,25,30,33
187,CHET BAKER SINGS,136,2,28,144,50
188,CHILD IS FATHER TO THE MAN,86,2,26,50,62
189,CHIMES BLUES,394,1,23,99,17
190,CHOO CHOO CH'BOOGIE,445,1,35,64,40
191,CHOPIN WALTZES,35,2,33,161,59
192,CHOPIN: 14 WALTZES,176,2,25,50,46
193,CHOPIN: MAZURKAS COMPLETE,35,2,30,160,61
194,CHOPIN: THE COMPLETE NOCTURNES,35,2,31,160,59
195,CISSY STRUT,679,1,38,114,63
196,CLASS CLOWN,269,2,37,124,66
197,CLEAN UP WOMAN,57,1,48,9,65
198,CLIFFORD BROWN & MAX ROACH,144,2,26,82,48
199,CLOUDS,371,2,47,162,63
200,COAL MINER'S DAUGHTER,436,1,25,64,64
201,COAT OF MANY COLORS,184,1,46,161,65
202,COCKTAILS FOR TWO,613,1,22,161,39
203,COCKTAILS FOR TWO,195,1,34,198,28
204,COLD SWEAT — PART 1,322,1,43,120,61
205,COME FLY WITH ME,245,2,31,39,52
206,COMPANY,489,2,35,50,64
207,CONCERT BY THE SEA,225,2,26,50,50
208,CONVERSATIONS WITH MYSELF,66,2,27,197,57
209,COOL WATER,609,1,13,64,35
210,COPENHAGEN,240,1,48,204,18
211,COPLAND: APPALACHIAN SPRING,416,1,36,50,55
212,COPLAND: APPALACHIAN SPRING,4,2,27,161,53
213,COPLAND: FANFARE FOR THE COMMON MAN,3,1,36,50,62
214,COPLAND: SYMPHONY NO. 3,21,2,34,130,45
215,COSMO'S FACTORY,155,2,41,91,64
216,COURT AND SPARK,371,2,31,19,68
217,CRAZY,522,1,19,64,56
218,CRAZY ARMS,560,1,26,50,50
219,CRAZY BLUES,453,1,21,143,14
220,CRAZY HE CALLS ME,72,1,37,64,43
221,"CROSBY, STILLS & NASH",156,2,26,22,63
222,CROSS ROAD BLUES,566,1,25,204,30
223,CROSSCURRENTS,412,2,40,39,43
224,CRY,366,1,25,143,45
225,CRY ME A RIVER,384,1,28,122,49
226,CRYING,574,1,29,135,55
227,CRYING IN THE CHAPEL,685,1,35,115,47
228,DANCE TO THE MUSIC,603,1,25,88,62
229,DANCING IN THE STREET,455,1,26,101,58
230,DANCING QUEEN,6,1,42,22,70
231,DANG ME,569,1,25,175,58
232,DARK WAS THE NIGHT — COLD WAS THE GROUND,83,1,38,53,21
233,DARKTOWN STRUTTERS' BALL,513,1,33,50,12
234,DAYS OF WINE AND ROSES,299,1,30,159,57
235,DEAD MAN'S CURVE,327,1,35,122,58
236,DEAR MR. GABLE YOU MADE ME LOVE YOU,378,1,25,64,31
237,"DEBUSSY: PRELUDES, BOOK I AND II",741,2,25,50,95
238,DEEP IN THE HEART OF TEXAS,261,1,39,50,36
239,DÉJÀ VU,157,2,39,22,64
240,DESAFINADO,619,1,27,197,56
241,DESPERADO,198,2,27,19,66
242,DEVIL GOT MY WOMAN,601,1,47,147,25
243,DIMINUENDO AND CRESCENDO IN BLUE,195,1,26,50,50
244,DINAH,227,1,25,50,19
245,DIPPER MOUTH BLUES,393,1,37,143,17
246,DISRAELI GEARS,154,2,26,21,61
247,DJANGOLOGY,553,1,26,64,29
248,DO NOTHIN' TILL YOU HEAR FROM ME,196,1,38,198,38
249,DO YOU BELIEVE IN MAGIC,676,1,29,116,59
250,DOC WATSON,183,2,41,194,58
251,DON'T BE CRUEL,216,1,29,161,50
252,DON'T FENCE ME IN,78,1,25,64,38
253,DON'T GET AROUND MUCH ANYMORE NEVER NO LAMENT,194,1,37,198,34
254,DON'T GO TO STRANGERS,229,2,35,157,54
255,DON'T LET YOUR DEAL GO DOWN BLUES,134,1,34,52,19
256,DON'T MAKE ME OVER,179,1,27,171,56
257,DON'T SIT UNDER THE APPLE TREE WITH ANYONE ELSE BUT ME,18,1,43,64,36
258,DON'T STOP BELIEVIN',375,1,48,50,75
259,DOWNHEARTED BLUES,55,1,33,50,17
260,DOWNTOWN,542,1,30,208,58
261,DREAM ON,8,1,45,50,67
262,DUKE OF EARL,262,1,29,195,55
263,"DUST BOWL BALLADS, VOLUMES 1 & 2",759,2,25,198,34
264,DUST MY BROOM,213,1,25,190,46
265,DUSTY IN MEMPHIS,197,2,28,22,63
266,DVORÁK: CONCERTO IN B MIN. FOR CELLO AND ORCHESTRA,520,2,25,198,32
267,EARLY AUTUMN,760,1,27,39,43
268,EARTH ANGEL WILL YOU BE MINE,533,1,25,75,48
269,EAST-WEST,686,1,26,81,60
270,EAT A PEACH,16,2,47,40,66
271,EIGHT MILES HIGH,642,1,26,50,60
272,EL DÍA QUE ME QUIERAS,119,1,40,147,29
273,EL PASO,456,1,25,50,53
274,ELEANOR RIGBY,639,3,29,39,60
275,ELECTRIC LADYLAND,339,2,26,162,62
276,ELGAR: VIOLIN CONCERTO,762,2,34,198,26
277,ELLA AND BASIE!,212,2,37,197,57
278,ELLA AND LOUIS,211,2,43,197,50
279,ELLA FITZGERALD SINGS THE COLE PORTER SONG BOOK,210,2,27,197,50
280,ELLA FITZGERALD SINGS THE GEORGE AND IRA GERSHWIN SONG BOOK,210,2,46,197,53
281,ELLA FITZGERALD SINGS THE RODGERS AND HART SONG BOOK,210,2,26,197,51
282,ELLA IN BERLIN,210,2,26,197,54
283,ELLINGTON AT NEWPORT,195,2,31,50,51
284,ELTON JOHN,214,2,40,192,64
285,EMBRACEABLE YOU,72,1,32,54,38
286,EMPTY BED BLUES,55,1,10,50,22
287,EVERYBODY LOVES SOMEBODY,164,1,26,162,58
288,EVERYBODY'S TALKIN',295,1,26,161,63
289,EVERYDAY I HAVE THE BLUES,152,1,19,49,49
290,EVERYDAY I HAVE THE BLUES,42,1,31,166,49
291,EXILE ON MAIN ST.,692,2,39,165,66
292,EXODUS,91,2,33,111,71
293,FAR EAST SUITE,195,2,26,159,61
294,FASCINATING RHYTHM,250,1,33,86,20
295,FAVORITE GOSPEL SONGS AND SPIRITUALS,640,2,26,159,45
296,FELIZ NAVIDAD,371,1,37,161,64
297,FIDDLER ON THE ROOF,510,2,25,161,58
298,FIGHT THE POWER,551,1,45,136,83
299,FINIAN'S RAINBOW,495,2,25,50,41
300,FIRE AND RAIN,326,1,25,208,64
301,FIRST TAKE,567,2,43,22,63
302,FIXIN' TO DIE,111,1,39,143,34
303,FLASH LIGHT,521,1,45,41,72
304,FLEETWOOD MAC,239,2,43,162,69
305,FLYING HOME,432,1,23,64,36
306,FOCUS,617,2,26,197,55
307,FOGGY MOUNTAIN BANJO,428,2,40,50,55
308,FOGGY MOUNTAIN BREAKDOWN,427,1,26,130,44
309,FOGGY MOUNTAIN JAMBOREE,427,2,39,50,51
310,FOLSOM PRISON BLUES,367,1,28,184,50
311,FOR DANCERS ONLY,341,1,26,64,31
312,FOR ME AND MY GAL,379,1,37,64,36
313,FOR ONCE IN MY LIFE,625,1,36,186,62
314,FOR THE LOVE OF MONEY,684,1,43,152,68
315,FOR WHAT IT'S WORTH,110,1,27,21,61
316,FOREVER CHANGES,448,2,35,81,61
317,FORTUNATE SON,155,1,41,91,63
318,FOUR BROTHERS,760,1,11,50,42
319,FRAMPTON COMES ALIVE!,539,2,47,2,70
320,FRANCIS ALBERT SINATRA & ANTONIO CARLOS JOBIM,246,2,46,162,61
321,FRANK SINATRA SINGS FOR ONLY THE LONELY,245,2,26,39,52
322,FRANKIE,475,1,38,143,22
323,FREAK OUT!,477,2,26,197,61
324,FREE BIRD,449,1,35,128,67
325,FREIGHT TRAIN,209,1,48,94,52
326,FRENESI,34,1,27,198,34
327,FULL MOON FEVER,720,2,46,128,83
328,FUNNY GIRL,493,2,31,39,58
329,GADE: JALOUSIE,31,1,35,161,29
330,GENIUS + SOUL = JAZZ,558,2,38,108,55
331,GENTLE ON MY MIND,278,1,35,39,61
332,GEORGIA ON MY MIND,558,1,20,4,54
333,GEORGIA ON MY MIND,304,1,41,198,24
334,GERSHWIN: AN AMERICAN IN PARIS,270,1,24,198,23
335,GERSHWIN: PORGY & BESS Opera Version,410,2,3,50,45
336,GERSHWIN: RHAPSODY IN BLUE,516,2,17,50,39
337,GERSHWIN: RHAPSODY IN BLUE,271,1,1,198,21
338,GET UP — I FEEL LIKE BEING LIKE A SEX MACHINE,321,1,41,120,64
339,"GET UP, STAND UP",91,1,26,110,67
340,GET YOUR KICKS ON ROUTE 66,673,1,29,39,40
341,GETZ/GILBERTO,620,2,26,197,58
342,GIANT STEPS,356,2,28,22,54
343,GIGI — SOUNDTRACK,731,2,25,131,52
344,GIMME SOME LOVIN',612,1,26,191,60
345,GIVE MY REGARDS TO BROADWAY,75,1,35,50,4
346,GLORIA,715,1,26,149,59
347,GOD BLESS AMERICA,387,1,9,198,33
348,GOD BLESS THE CHILD,72,1,3,143,35
349,GOLDEN JUBILEE CONCERT: RACHMANINOFF CONCERTO NO. 3,737,2,31,160,72
350,GOLDFINGER,593,1,35,191,58
351,GONE WITH THE WIND — SOUNDTRACK,462,2,33,131,61
352,GOOD ROCKIN' TONIGHT,761,1,36,120,42
353,GOOD VIBRATIONS,638,1,21,39,60
354,GOODBYE YELLOW BRICK ROAD,214,2,30,128,67
355,GOODNIGHT IRENE,284,1,33,64,44
356,GOODNIGHT IRENE,307,1,29,123,30
357,GOT MY MOJO WORKING,478,1,26,46,51
358,GRACELAND,529,2,39,208,80
359,GRAZING IN THE GRASS,309,1,45,192,62
360,GREAT BALLS OF FIRE,337,1,25,184,51
361,GREAT SPECKLED BIRD,573,1,36,204,30
362,GREEN ONIONS,100,1,26,181,56
363,"GREETINGS FROM ASBURY PARK, N.J.",103,2,48,50,67
364,GROOVIN',708,1,26,22,61
365,GUYS AND DOLLS,505,2,25,64,44
366,GYPSY,496,2,25,50,53
367,HAIR,507,2,33,161,62
368,HALLELUJAH,420,1,46,50,78
369,HAPPY DAYS ARE HERE AGAIN,47,1,34,50,24
370,HAPPY TOGETHER,703,1,34,209,61
371,HAPPY TRAILS,575,1,36,161,46
372,HARPER VALLEY P.T.A.,334,1,46,155,62
373,HARVEST,483,2,42,162,66
374,HE STOPPED LOVING HER TODAY,273,1,34,88,74
375,HE'LL HAVE TO GO,338,1,26,159,53
376,HE'S A REBEL,654,1,31,153,56
377,HE'S GOT THE WHOLE WORLD IN HIS HANDS,454,1,35,161,30
378,HEAD HUNTERS,303,2,36,50,67
379,HEART LIKE A WHEEL,430,2,45,39,68
380,HEART OF GLASS,85,1,43,47,73
381,HEARTBREAK HOTEL,216,1,22,161,50
382,HEAVY WEATHER,747,2,38,50,71
383,HEEBIE JEEBIES,442,1,26,143,20
384,HELLO DARLIN',149,1,26,64,64
385,HELLO WALLS,233,1,27,39,55
386,"HELLO, DOLLY!",439,1,28,117,58
387,"HELLO, DOLLY!",511,2,29,161,58
388,HELP ME MAKE IT THROUGH THE NIGHT,582,1,25,129,64
389,HELP!,639,1,35,39,59
390,HEP-HEP! THE JUMPIN' JIVE,113,1,44,204,33
391,HERB ALPERT PRESENTS SERGIO MENDES & BRASIL '66,591,2,39,2,60
392,HERE'S LITTLE RICHARD,434,2,40,180,51
393,HEY GOOD LOOKIN',290,1,28,131,45
394,HEY JUDE,639,1,28,12,62
395,HEY THERE,571,1,26,50,48
396,HIDE AWAY,256,1,26,92,55
397,HIGHWAY 61 REVISITED,88,2,29,50,59
398,HIS EYE IS ON THE SPARROW,452,1,37,50,52
399,HIT THE ROAD JACK,558,1,40,4,55
400,HOLIDAY FOR STRINGS,162,1,31,161,37
401,HONEYSUCKLE ROSE,716,1,26,198,28
402,HONKY TONK PARTS 1 & 2,65,1,25,120,50
403,HONKY TONK WOMEN,692,1,41,125,63
404,HONKY TONKIN',291,1,42,182,41
405,HOODOO MAN BLUES,385,2,35,68,60
406,HOROWITZ AT CARNEGIE HALL — AN HISTORIC RETURN,736,2,29,50,59
407,HORSES,525,2,48,16,69
408,HOT BUTTERED SOUL,313,2,48,87,63
409,HOTEL CALIFORNIA,198,1,30,19,71
410,HOUND DOG,755,1,40,151,47
411,HOUND DOG,216,1,15,161,50
412,HOW CAN A POOR MAN STAND SUCH TIMES AND LIVE,81,1,47,198,24
413,HOW HIGH THE MOON,425,1,6,39,45
414,HOW HIGH THE MOON,210,1,29,64,41
415,"HOW LONG, HOW LONG BLUES",423,1,39,204,22
416,I APOLOGIZE,73,1,26,131,43
417,"I CAN HEAR IT NOW, VOLS. 1–3",205,2,5,50,91
418,I CAN'T GET NO SATISFACTION,692,1,25,125,59
419,I CAN'T GET STARTED,112,1,2,198,31
420,I CAN'T HELP MYSELF,243,1,45,136,59
421,I CAN'T MAKE YOU LOVE ME,99,1,44,39,84
422,I CAN'T STOP LOVING YOU,558,1,28,4,56
423,I FALL TO PIECES,522,1,28,64,55
424,I FEEL LIKE GOING HOME,478,1,37,17,42
425,I FEEL LOVE,187,1,49,41,71
426,I FOUGHT THE LAW,98,1,42,212,59
427,I GET AROUND,638,1,44,39,58
428,I GOT YOU BABE,606,1,44,21,59
429,I GOT YOU I FEEL GOOD,321,1,40,120,59
430,I HAVE A DREAM,192,3,39,1,57
431,I HEARD IT THROUGH THE GRAPEVINE,277,1,45,178,61
432,I HEARD IT THROUGH THE GRAPEVINE,457,1,25,186,62
433,I LEFT MY HEART IN SAN FRANCISCO,724,1,21,50,56
434,I LOVE ROCK 'N ROLL,351,1,43,33,76
435,I LOVE YOU FOR SENTIMENTAL REASONS,673,1,45,39,40
436,"I LOVES YOU, PORGY",485,1,27,26,53
437,I MISS YOU SO,646,1,26,30,33
438,I NEVER LOVED A MAN THE WAY I LOVE YOU,23,2,36,22,61
439,I ONLY HAVE EYES FOR YOU,663,1,30,85,53
440,I SHOT THE SHERIFF,221,1,30,167,68
441,I STARTED OUT AS A CHILD,64,2,39,208,58
442,I WALK THE LINE,367,1,25,184,50
443,I WANNA BE LOVED BY YOU,297,1,36,198,22
444,I WANT TO BE A COWBOY'S SWEETHEART,523,1,34,204,29
445,I WANT TO HOLD YOUR HAND,639,1,25,39,58
446,I WANT YOU BACK,318,1,26,136,63
447,I WILL ALWAYS LOVE YOU,750,1,45,16,85
448,I WILL ALWAYS LOVE YOU,184,1,34,159,68
449,I WILL SURVIVE,282,1,39,156,72
450,I WONDER WHY,178,1,26,121,52
451,I'LL BE THERE,670,1,38,136,64
452,I'LL FLY AWAY,650,1,47,50,43
453,I'LL NEVER SMILE AGAIN,723,1,9,198,34
454,I'LL TAKE YOU THERE,696,1,26,181,66
455,I'M A KING BEE,602,1,35,90,51
456,I'M A MAN,87,1,47,45,49
457,I'M A MAN OF CONSTANT SORROW,695,1,47,50,45
458,I'M GETTING SENTIMENTAL OVER YOU,721,1,25,198,30
459,I'M MOVIN' ON,288,1,27,161,44
460,I'M SO LONESOME I COULD CRY,290,1,26,131,43
461,I'M SORRY,101,1,26,64,54
462,I'M WALKIN',234,1,46,107,51
463,I'M YOUR HOOCHIE COOCHE MAN,478,1,25,46,48
464,I'VE BEEN LOVING YOU TOO LONG,517,1,38,206,59
465,I'VE GOT A TIGER BY THE TAIL,105,1,26,39,59
466,I'VE GOT A WOMAN,558,1,17,22,48
467,I'VE GOT THE WORLD ON A STRING,245,1,31,39,47
468,I'VE GOT YOU UNDER MY SKIN,245,1,25,39,50
469,IF I DIDN'T CARE,668,1,14,64,33
470,IF YOU COULD SEE ME NOW,585,1,25,137,40
471,"IF YOU'VE GOT THE MONEY, I'VE GOT THE TIME",409,1,26,50,44
472,IMAGINE,361,1,26,12,65
473,IN A MIST,80,1,7,143,21
474,IN A SILENT WAY,469,2,28,50,63
475,IN MY ROOM,638,1,26,39,57
476,IN SAN FRANCISCO,115,2,26,163,53
477,IN THE JAILHOUSE NOW,342,1,34,198,22
478,IN THE MIDNIGHT HOUR,758,1,26,22,59
479,IN THE MOOD,280,1,10,30,33
480,IN THE RIGHT PLACE,191,2,48,21,67
481,IN THE STILL OF THE NIGHT,662,1,25,83,50
482,IN THE WEE SMALL HOURS,245,2,11,39,49
483,INDIAN LOVE CALL,333,1,35,200,30
484,INNERVISIONS,625,2,26,186,67
485,IS THAT ALL THERE IS?,532,1,26,39,63
486,ISRAELITES,169,1,34,192,63
487,IT DON'T MEAN A THING IF IT AIN'T GOT THAT SWING,194,1,35,34,26
488,IT HAD TO BE YOU,314,1,34,34,18
489,IT TAKES A NATION OF MILLIONS TO HOLD US BACK,551,2,47,66,82
490,IT WASN'T GOD WHO MADE HONKY TONK ANGELS,396,1,25,64,46
491,IT'S A MAN'S MAN'S MAN'S WORLD,321,1,37,120,60
492,IT'S NOT FOR ME TO SAY,369,1,35,50,51
493,IT'S TOO LATE,121,1,30,141,65
494,IVES: SYMPHONY NO. 2,416,2,35,50,52
495,JACKSON BROWNE,319,2,46,19,66
496,JACO PASTORIUS,320,2,46,88,70
497,JAILHOUSE ROCK,216,1,44,161,51
498,JAMBALAYA ON THE BAYOU,290,1,29,131,46
499,JAZZ AT MASSEY HALL,132,2,22,63,47
500,JAZZ SAMBA,619,2,37,197,56
501,JELLY ROLL MORTON: THE SAGA OF MR. JELLY LORD LIBRARY OF CONGRESS RECORDINGS,336,2,7,48,92
502,JITTERBUG WALTZ,235,1,42,31,36
503,JOAN BAEZ,350,2,38,194,54
504,JOHN COLTRANE AND JOHNNY HARTMAN,357,2,40,108,57
505,JOHN PRINE,364,2,42,22,65
506,JOHNNY B. GOODE,142,1,26,46,52
507,JOHNNY CASH AT FOLSOM PRISON,367,2,45,50,62
508,JOHNNY CASH AT SAN QUENTIN,367,2,31,50,63
509,JOLENE,184,1,41,159,67
510,JUDY AT CARNEGIE HALL,378,2,25,39,55
511,JUKE,435,1,35,45,46
512,JUST BECAUSE,249,1,26,50,42
513,JUST THE WAY YOU ARE,74,1,31,50,72
514,"JUST YOU, JUST ME",429,1,26,119,38
515,KANSAS CITY,751,1,28,96,53
516,KANSAS CITY STOMPS,336,1,37,198,22
517,KASSIE JONES,259,1,39,198,22
518,KEEP MY SKILLET GOOD AND GREASY,727,1,34,205,18
519,KEEP ON THE SUNNY SIDE,645,1,33,198,22
520,KEY TO THE HIGHWAY,59,1,39,143,35
521,KHACHATURIAN: CONCERTO FOR PIANO & ORCHESTRA,754,2,26,159,37
522,KILLING ME SOFTLY WITH HIS SONG,537,1,26,22,67
523,KIND OF BLUE,469,2,19,50,53
524,KING OF THE ROAD,569,1,26,175,59
525,KING PORTER STOMP,50,1,35,198,29
526,KISS AN ANGEL GOOD MORNIN',126,1,49,161,65
527,"KISS ME, KATE",491,2,25,50,43
528,KO KO,133,1,46,170,39
529,KO-KO,194,1,38,198,34
530,KORNGOLD: VIOLIN CONCERTO,330,2,35,161,43
531,KRISTOFFERSON,400,2,41,135,64
532,LA BAMBA,564,1,27,67,52
533,LA BAMBA,208,1,46,198,33
534,LA VIE EN ROSE,202,1,25,50,44
535,LADY IN SATIN,72,2,27,50,52
536,LADY MARMALADE,401,1,30,88,69
537,LADY SINGS THE BLUES,72,2,44,49,50
538,LAST DATE,241,1,31,159,54
539,LAURA NYRO,404,2,26,197,60
540,LAYLA,168,1,25,21,65
541,LAYLA AND OTHER ASSORTED LOVE SONGS,168,2,27,21,64
542,LAZY RIVER,439,1,37,143,25
543,LE FREAK,137,1,42,22,72
544,LEAN ON ME,71,1,34,185,66
545,LED ZEPPELIN,407,2,31,22,63
546,LED ZEPPELIN IV,407,2,26,22,65
547,"LEONCAVALLO: PAGLIACCI, ACT I: VESTI LA GIUBBA",220,1,2,201,6
548,LESTER LEAPS IN,153,1,32,204,33
549,LET IT BE,639,1,31,12,64
550,LET IT BLEED,692,2,32,125,63
551,LET THE GOOD TIMES ROLL,445,1,36,64,40
552,LET'S GET IT ON,457,2,31,186,67
553,LET'S HAVE A PARTY,743,1,49,39,54
554,LET'S STAY TOGETHER,10,1,26,105,65
555,LICENSED TO ILL,44,2,48,66,80
556,LIGHT MY FIRE,659,3,25,81,61
557,LIKE A ROLLING STONE,88,1,25,50,59
558,LISZT: SONATA IN B MINOR,736,2,35,161,26
559,LIVE AT THE APOLLO,321,2,25,120,56
560,LIVE AT THE REGAL,42,2,33,4,59
561,LONDON CALLING,651,2,34,88,73
562,LONELY TEARDROPS,317,1,26,34,52
563,LONG TALL SALLY,434,1,26,180,50
564,LOSING MY RELIGION,554,1,44,208,84
565,LOST IN THE STARS,489,2,40,64,43
566,LOUIE LOUIE,674,1,26,207,57
567,LOUIS ARMSTRONG PLAYS W. C. HANDY,444,2,37,50,48
568,LOVE IS STRANGE,466,1,31,103,51
569,LOVE ME OR LEAVE ME,578,1,32,50,22
570,LOVE THEME FROM THE GODFATHER,118,3,36,147,66
571,LOVE TRAIN,684,1,33,152,67
572,"LOVER MAN OH, WHERE CAN YOU BE?",72,1,16,64,39
573,LOVESICK BLUES,291,1,38,131,43
574,LOVESICK BLUES,218,1,34,143,22
575,LOW RIDER,745,1,41,191,69
576,LUCILLE,434,1,29,180,51
577,LULLABY OF BROADWAY,172,1,32,34,29
578,LUSH LIFE,357,1,27,108,57
579,LUSH LIFE,356,2,43,157,55
580,MACK THE KNIFE,97,1,26,21,53
581,MACK THE KNIFE,444,1,24,50,49
582,MAD DOGS & ENGLISHMEN,353,2,48,2,64
583,MAGGIE MAY,568,1,44,130,65
584,MAHLER: DAS LIED VON DER ERDE,104,2,8,125,46
585,MAHLER: SYMPHONY NO. 2,518,2,35,84,57
586,MAHLER: SYMPHONY NO. 8 IN E FLAT MAJOR THE SYMPHONY OF A THOUSAND,266,2,25,125,66
587,"MAHLER: SYMPHONY NO.1 IN D MAJOR ""TITAN""",173,2,26,50,35
588,MAHLER: THE COMPLETE SYMPHONIES,418,2,29,50,61
589,MAIDEN VOYAGE,303,2,26,29,59
590,MAKE THE WORLD GO AWAY,201,1,26,159,59
591,MAMA TRIED,464,1,26,39,62
592,MAN OF LA MANCHA,504,2,36,117,59
593,MANHATTAN TOWER,283,2,25,39,50
594,MANTECA,180,1,26,198,41
595,MANY RIVERS TO CROSS,345,1,38,2,63
596,MARGARITAVILLE,344,1,43,3,71
597,MARIE,722,1,25,198,31
598,MARY HAD A LITTLE LAMB,717,1,45,138,2
599,MARY POPPINS — ORIGINAL CAST SOUND TRACK,383,2,41,36,58
600,MATCH BOX BLUES,82,1,26,143,21
601,MAYBELLENE,142,1,15,46,49
602,MBUBE,604,1,34,173,33
603,ME AND BOBBY MCGEE,329,1,29,50,65
604,ME AND MRS. JONES,76,1,45,152,66
605,MEET ME IN ST. LOUIS — SOUNDTRACK,380,2,32,64,38
606,MEET THE BEATLES!,639,2,28,39,58
607,MENDELSSOHN: CONCERTO FOR VIOLIN IN E MINOR,257,2,25,161,20
608,MERCY MERCY ME THE ECOLOGY,457,1,29,186,65
609,"MERCY, MERCY, MERCY! LIVE AT ""THE CLUB""",643,2,48,39,61
610,MEXICANTOS,437,2,39,211,39
611,MIDNIGHT SPECIAL,308,2,29,198,34
612,MIDNIGHT TRAIN TO GEORGIA,277,1,26,35,67
613,MILES AHEAD,470,2,21,50,51
614,MILES SMILES,471,2,43,50,61
615,MILESTONES,472,2,31,50,52
616,MINGUS AH UM,123,2,40,50,53
617,MINGUS DYNASTY,123,2,26,50,53
618,MINNIE THE MOOCHER,113,1,26,34,25
619,MISERLOU,171,1,47,69,56
620,MISSION—IMPOSSIBLE,402,1,44,76,61
621,MISTY,369,1,29,50,53
622,MISTY,225,1,18,130,48
623,MOANIN',26,1,28,29,51
624,MOANIN',26,2,25,29,52
625,MODERN SOUNDS IN COUNTRY AND WESTERN MUSIC,558,2,26,4,56
626,MONA LISA,481,1,19,39,44
627,"MONDAY, MONDAY",677,1,35,78,60
628,MONEY HONEY,146,1,26,22,47
629,MONK'S MUSIC,712,2,28,163,51
630,MOOD INDIGO,193,1,2,34,25
631,MOODY'S MOOD FOR LOVE,324,1,28,157,46
632,MOON RIVER,19,3,45,50,56
633,MOON RIVER,299,1,26,159,55
634,MOONDANCE,730,2,26,208,64
635,MOONGLOW,52,1,25,198,30
636,MOONLIGHT SERENADE,280,1,18,30,33
637,MOVE ON UP,158,1,46,60,66
638,MOVE ON UP A LITTLE HIGHER,452,1,25,11,42
639,MOZART: DIE ZAUBERFLÖTE,597,2,26,161,32
640,MR. BOJANGLES,487,1,37,122,64
641,MR. FANTASY,725,2,26,193,62
642,MR. SANDMAN,648,1,29,38,48
643,MR. TAMBOURINE MAN,88,3,29,50,59
644,MR. TAMBOURINE MAN,642,1,25,50,59
645,MRS. ROBINSON,595,1,26,50,62
646,MULE SKINNER BLUES,70,1,36,30,34
647,MUSIC FROM BIG PINK,637,2,25,39,62
648,MUSIC OF ALBÉNIZ & GRANADOS,17,2,25,64,38
649,MUSSORGSKY: PICTURES AT AN EXHIBITION,555,2,25,130,45
650,MUSSORGSKY: PICTURES AT AN EXHIBITION,736,2,26,159,45
651,MUSSORGSKY: SONG OF THE FLEA,236,1,26,198,20
652,MUSTANG SALLY,758,1,27,22,61
653,MY AIM IS TRUE,215,2,34,50,71
654,MY BLACK MAMA PARTS 1 & 2,605,1,40,147,24
655,MY BLUE HEAVEN,260,1,5,198,22
656,MY COUNTRY 'TIS OF THEE,454,1,36,198,33
657,MY FAIR LADY,502,2,4,50,50
658,MY FAVORITE THINGS,358,2,25,22,55
659,MY GENERATION,707,1,26,64,59
660,MY GIRL,700,1,25,101,59
661,MY GUY,460,1,26,136,58
662,MY HEART BELONGS TO DADDY,459,1,34,64,32
663,MY MAMMY,11,1,38,34,21
664,MY MAN,72,1,45,34,31
665,MY MAN FROM ZIEGFELD FOLLIES OF 1921,232,1,26,198,16
666,MY WAY,245,1,27,162,63
667,NATURE BOY,481,1,26,39,42
668,NEAR YOU,244,1,40,37,41
669,NEGRO SINFUL SONGS,307,2,25,137,33
670,"NEVER MIND THE BOLLOCKS, HERE'S THE SEX PISTOLS",592,2,42,208,71
671,NEVERMIND,486,2,45,71,84
672,NEW SAN ANTONIO ROSE,94,1,25,143,34
673,NICK OF TIME,99,2,42,39,83
674,NIGHT AND DAY,413,1,31,161,26
675,NIGHT TRAIN,348,1,33,193,46
676,NIGHTS IN WHITE SATIN,682,1,26,70,66
677,"NO WOMAN, NO CRY",91,1,32,110,69
678,NOBODY,54,1,8,50,5
679,NOBODY KNOWS THE TROUBLE I'VE SEEN,439,1,41,64,32
680,"NOW HE SINGS, NOW HE SOBS",139,1,26,29,62
681,NUAGES,182,1,27,64,40
682,ODE TO BILLIE JOE,95,1,26,39,61
683,OFF THE WALL,465,2,35,88,73
684,OH HAPPY DAY,206,1,26,35,63
685,OH MARY DON'T YOU WEEP,627,1,47,195,53
686,"OH, PRETTY WOMAN",574,1,26,135,58
687,OHIO,157,1,36,22,64
688,OKIE FROM MUSKOGEE,464,2,44,39,63
689,OKLAHOMA!,490,2,3,64,37
690,OL' MAN RIVER,528,1,33,198,22
691,OLIVER!,489,2,35,161,56
692,ON BROADWAY,660,1,40,22,57
693,ON THE ROAD AGAIN,756,1,38,43,74
694,ONE FOR MY BABY,245,1,32,39,52
695,ONE LOVE,91,1,34,59,59
696,ONE O'CLOCK JUMP,150,1,6,64,31
697,ONLY THE LONELY KNOW HOW I FEEL,574,1,26,135,54
698,ONLY YOU AND YOU ALONE,687,1,26,130,49
699,ORNITHOLOGY,131,1,16,72,40
700,ORY'S CREOLE TROMBONE,391,1,49,140,16
701,OVER THE RAINBOW,378,1,8,64,33
702,OVER THERE,488,1,35,198,12
703,OYE COMO VA,719,1,29,187,47
704,"PAINT IT, BLACK",692,1,45,125,60
705,PAN AMERICAN BLUES,166,1,34,34,21
706,PANCHO AND LEFTY,757,1,47,88,76
707,PAPA WAS A ROLLIN' STONE,700,1,26,101,66
708,PAPA'S GOT A BRAND NEW BAG PART I,321,1,26,120,59
709,PAPER DOLL,473,1,25,64,37
710,"PARSLEY, SAGE, ROSEMARY & THYME",595,2,26,50,60
711,PATA PATA,474,1,46,162,61
712,PEACE BE STILL,561,2,26,170,56
713,PEARL,329,2,37,50,65
714,PEG O' MY HEART,664,1,26,203,41
715,PEGGY SUE,108,1,26,56,51
716,PENNIES FROM HEAVEN,77,1,31,64,30
717,PENNY LANE,639,1,38,39,61
718,PEOPLE,43,1,25,50,58
719,PEOPLE GET READY,667,1,25,4,59
720,PET SOUNDS,638,2,25,39,60
721,PETER GUNN,299,3,32,159,53
722,PIANO MAN,74,1,40,50,67
723,PIANO RAGS BY SCOTT JOPLIN,374,2,47,139,64
724,PIECE OF MY HEART,61,1,26,50,62
725,PINE TOP'S BOOGIE WOOGIE,545,1,10,204,22
726,PINOCCHIO — SOUNDTRACK,731,2,29,198,34
727,PISTOL PACKIN' MAMA,9,1,27,143,37
728,PLEASE MR. POSTMAN,678,1,38,186,55
729,PLEASE SEND ME SOMEONE TO LOVE,535,1,26,180,44
730,"PLEASE, PLEASE, PLEASE",322,1,28,92,50
731,PONY BLUES,125,1,26,147,23
732,"PORGY & BESS, SELECTIONS FROM GEORGE GERSHWIN'S FOLK OPERA",508,2,17,64,90
733,PORGY AND BESS,470,2,27,50,52
734,PORGY AND BESS,441,2,28,197,52
735,PORGY AND BESS,14,2,29,198,29
736,PORTRAIT IN JAZZ,67,2,34,163,54
737,"PRECIOUS LORD, TAKE MY HAND",452,1,39,50,50
738,PRETENDERS,689,2,43,174,74
739,PROKOFIEV: PETER AND THE WOLF OPUS 67,587,2,35,200,33
740,"PROKOFIEV: PIANO CONCERTO NO. 3 IN C MAJOR, OP.26",588,2,36,106,26
741,PROUD MARY,155,1,25,91,63
742,PROUD MARY,311,1,30,122,65
743,PUCCINI: LA BOHÈME,598,2,27,161,50
744,PUCCINI: TOSCA,733,2,14,10,47
745,PURPLE HAZE,671,1,27,162,61
746,PURPLE RAIN,548,2,38,208,78
747,PUTTIN' ON THE RITZ,296,1,32,34,24
748,Q: ARE WE NOT MEN? A: WE ARE DEVO!,170,2,47,208,72
749,"QUE SERA, SERA WHATEVER WILL BE, WILL BE",189,1,39,50,50
750,RACHMANINOFF: PIANO CONCERTO NO. 2 IN C MINOR,590,2,3,161,23
751,RACHMANINOFF: RHAPSODY ON A THEME OF PAGANINI,590,2,6,161,28
752,RAINDROPS KEEP FALLIN' ON MY HEAD,41,1,41,171,63
753,RAMONES,556,2,34,174,70
754,RANDY NEWMAN,557,2,43,162,62
755,RAPPER'S DELIGHT,626,1,41,183,73
756,RAUNCHY,69,1,25,154,51
757,RAVEL: BOLERO,461,2,19,34,31
758,RAVEL: DAPHNIS ET CHLOE COMPLETE BALLET,124,2,35,161,49
759,RAVEL: PIANO CONCERTO IN G MAJOR,419,2,48,161,40
760,RAY CHARLES IN PERSON,558,2,26,22,53
761,REACH OUT I'LL BE THERE,243,1,25,136,60
762,RED HEADED STRANGER,756,2,29,50,69
763,RELAXIN' WITH THE MILES DAVIS QUINTET,469,2,41,157,52
764,RESCUE ME,242,1,42,45,59
765,RESPECT,23,1,25,22,61
766,RESPECT YOURSELF,696,1,29,181,65
767,REVOLVER,639,2,26,39,60
768,RIDERS ON THE STORM,659,1,37,81,65
769,RING OF FIRE,367,1,26,50,57
770,"RIVER DEEP, MOUNTAIN HIGH",311,1,26,153,60
771,ROCK AROUND THE CLOCK,68,1,9,64,49
772,ROCK ISLAND LINE,406,1,43,18,36
773,ROCK-A-BYE YOUR BABY WITH A DIXIE MELODY,11,1,31,50,13
774,"ROCKET ""88""",315,1,25,46,45
775,ROCKIN' AROUND THE CHRISTMAS TREE,101,1,46,64,52
776,ROCKIN' CHAIR,468,1,38,204,31
777,ROLL OVER BEETHOVEN,142,1,17,46,50
778,ROLLIN' STONE,478,1,27,46,44
779,ROUND ABOUT MIDNIGHT,713,1,20,29,42
780,ROUND ABOUT MIDNIGHT,469,2,46,50,51
781,ROXANNE,688,1,35,2,72
782,ROY HARRIS SYMPHONY NO. 3,586,2,39,161,34
783,RUBBER SOUL,639,2,27,39,59
784,"RUDOLPH, THE RED-NOSED REINDEER",261,1,12,50,43
785,RUMBLE,431,1,46,38,52
786,RUMOURS,239,2,30,208,71
787,RUNAROUND SUE,177,1,29,121,55
788,RUNAWAY,167,1,29,27,55
789,SAN ANTONIO ROSE,94,1,42,204,33
790,SANTANA,584,2,39,50,63
791,SARAH VAUGHAN,585,2,26,130,49
792,SATURDAY NIGHT FEVER — SOUNDTRACK,731,2,31,167,71
793,SAVOY BLUES,442,1,45,143,21
794,SAXOPHONE COLOSSUS,607,2,26,157,50
795,SCHOENBERG: GURRE-LIEDER,421,2,34,198,26
796,SCHOENBERG: THE FOUR STRING QUARTETS,397,2,48,8,43
797,SCHOOL'S OUT,15,1,42,208,66
798,SCHUBERT: AVE MARIA,454,1,26,161,30
799,SCHUMANN: CARNAVAL OP. 9,589,2,38,161,23
800,SECRET LOVE,189,1,26,50,47
801,SEE SEE RIDER BLUES,450,1,31,147,19
802,SENTIMENTAL JOURNEY,424,1,25,50,39
803,SEPTEMBER OF MY YEARS,245,2,26,162,59
804,SEPTEMBER SONG,742,1,11,34,32
805,SEVEN COME ELEVEN,53,1,35,50,34
806,SGT. PEPPER'S LONELY HEARTS CLUB BAND,639,2,20,39,61
807,SH-BOOM,649,1,35,42,48
808,"SHAKE, RATTLE AND ROLL",355,1,25,22,48
809,SHE THINKS I STILL CARE,273,1,26,191,56
810,SHE'S ABOUT A MOVER,596,1,43,189,59
811,SHE'S NOT THERE,709,1,43,149,58
812,SHINING STAR,199,1,35,50,69
813,SHOP AROUND,680,1,33,186,54
814,"SHOSTAKOVICH: CELLO CONCERTO NO. 1 IN E FLAT, OP. 107",230,2,35,50,54
815,SHOSTAKOVICH: SYMPHONY NO. 5,416,2,34,50,53
816,"SHOSTAKOVICH: VIOLIN CONCERTO NO. 1 IN A MINOR, OP. 99",161,2,30,50,50
817,SHOTGUN,376,1,29,176,59
818,SHOUT — PART I,669,1,26,159,53
819,SHOW BOAT,512,2,18,34,26
820,"SIGN ""O"" THE TIMES",547,2,44,145,81
821,SINCERELY,683,1,29,46,49
822,SING A SONG OF BASIE,403,2,25,4,51
823,"SING, SING, SING",49,1,9,198,31
824,SINGIN' IN THE RAIN FROM THE SOUNDTRACK,263,1,26,131,46
825,SINGIN' THE BLUES,248,1,4,143,21
826,SITTIN' ON THE DOCK OF THE BAY,517,1,25,206,62
827,SITTIN' ON TOP OF THE WORLD,681,1,35,143,24
828,SIXTEEN TONS,631,1,25,39,49
829,SIXTY MINUTE MAN,657,1,42,92,45
830,SKETCHES OF SPAIN,470,2,24,50,53
831,SMELLS LIKE TEEN SPIRIT,486,1,44,71,84
832,SMOKE GETS IN YOUR EYES,687,1,46,130,52
833,SMOKE ON THE WATER,165,1,44,208,67
834,SMOKESTACK LIGHTNING,306,1,26,46,50
835,SNOW WHITE AND THE SEVEN DWARFS — SOUNDTRACK,731,2,25,198,32
836,SO,540,2,48,98,80
837,SOCIETY'S CHILD BABY I'VE BEEN THINKING,328,1,29,197,61
838,SOLITUDE,72,1,48,143,35
839,SOME OF THESE DAYS,610,1,22,80,9
840,SOMEONE TO WATCH OVER ME,275,1,35,198,21
841,SOMEWHERE A VOICE IS CALLING,363,1,26,198,11
842,SONG FOR MY FATHER,666,2,26,29,59
843,SONGS FOR SWINGIN' LOVERS!,245,2,27,39,50
844,SONGS IN THE KEY OF LIFE,625,2,29,186,70
845,SONGS OF LEONARD COHEN,420,2,42,50,61
846,SONNY BOY,11,1,29,34,22
847,SOUL MAN,579,1,26,181,61
848,SOUTH PACIFIC,498,2,14,50,43
849,SPACE ODDITY,160,1,45,130,63
850,SPANISH HARLEM,46,1,29,21,55
851,ST. LOUIS BLUES,56,1,46,50,10
852,ST. LOUIS BLUES,739,1,20,50,19
853,ST. LOUIS BLUES,439,1,35,143,23
854,ST. LOUIS WOMAN,489,2,39,39,40
855,STACK O'LEE BLUES,475,1,44,143,22
856,STAIRWAY TO HEAVEN,407,3,30,22,65
857,STAN FREBERG PRESENTS THE UNITED STATES OF AMERICA,615,2,26,39,55
858,STAND BY ME,46,1,25,21,55
859,STAND BY YOUR MAN,630,1,26,88,62
860,STAND!,603,2,42,88,63
861,STAR DUST,305,1,22,99,21
862,STAR DUST,439,1,36,143,25
863,STAR DUST,34,1,15,161,34
864,STAR WARS — ORIGINAL MOTION PICTURE SOUNDTRACK,365,2,34,1,71
865,STARDUST,756,2,42,50,72
866,STATESBORO BLUES,84,1,44,198,22
867,"STEALIN', STEALIN'",463,1,40,198,22
868,STEEL GUITAR RAG,93,1,38,204,30
869,STICKY FINGERS,692,2,26,164,65
870,STILL CRAZY AFTER ALL THESE YEARS,529,2,30,50,69
871,STOP! IN THE NAME OF LOVE,697,1,28,136,59
872,STORMY WEATHER,411,1,27,161,36
873,STORMY WEATHER KEEPS RAININ' ALL THE TIME,227,1,30,34,27
874,STRAIGHT OUTTA COMPTON,479,2,44,169,82
875,STRAIGHTEN UP AND FLY RIGHT,392,1,25,39,38
876,STRANGE FRUIT,72,1,5,54,33
877,STRANGE THINGS HAPPENING EVERY DAY,599,1,41,64,39
878,STRANGERS IN THE NIGHT,245,1,35,162,60
879,"STRAUSS: ALSO SPRACH ZARATHUSTRA, OP. 30",586,2,35,161,29
880,STRAUSS: DER ROSENKAVALIER,302,2,35,10,51
881,"STRAUSS: DER ROSENKAVALIER, OP. 59 ABRIDGED",565,2,35,161,27
882,STRAVINSKY: LE SACRE DU PRINTEMPS,544,2,20,161,45
883,STRAVINSKY: PETROUCHKA,222,2,26,125,44
884,STRAVINSKY: PETROUCHKA: LE SACRE DU PRINTEMPS,310,2,27,50,55
885,STRAWBERRY FIELDS FOREVER,639,1,26,39,61
886,SUMMER IN THE CITY,676,1,26,116,60
887,SUMMERTIME,594,1,38,29,33
888,SUMMERTIME BLUES,200,1,26,122,52
889,SUNDAY AT THE VILLAGE VANGUARD,67,2,38,163,55
890,SUPERFLY,158,2,25,60,66
891,SUPERSTITION,625,1,25,186,66
892,SURREALISTIC PILLOW,335,2,26,161,61
893,SUSPICIOUS MINDS,216,1,26,161,63
894,SWANEE,11,1,25,50,14
895,SWEET BABY JAMES,326,2,29,208,64
896,SWEET CAROLINE GOOD TIMES NEVER SEEMED SO GOOD,482,1,47,192,63
897,SWEET DREAMS ARE MADE OF THIS,231,1,47,159,77
898,SWEET HOME ALABAMA,449,1,36,179,68
899,SWEET HOME CHICAGO,566,1,41,204,31
900,SWEETHEART OF THE RODEO,642,2,27,50,62
901,"SWING LOW, SWEET CHARIOT",238,1,42,198,8
902,"SWING LOW, SWEET CHARIOT",527,1,42,198,20
903,SWINGING ON A STAR,77,1,29,64,38
904,SWITCHED-ON BACH,748,2,26,50,63
905,SYNCHRONICITY,688,2,36,2,77
906,TAJ MAHAL,629,2,47,50,62
907,TAKE FIVE,159,1,23,50,57
908,"TAKE ME HOME, COUNTRY ROADS",359,1,25,159,65
909,TAKE ME OUT TO THE BALL GAME,204,1,46,80,7
910,TAKE ME TO THE RIVER,10,3,38,105,68
911,"TAKE THE ""A"" TRAIN",195,1,3,198,35
912,TALKING BOOK,625,2,26,186,66
913,TAPESTRY,121,2,25,141,65
914,TCHAIKOVSKY: 1812 OVERTURE/CAPRICCIO ITALIEN,20,2,25,130,50
915,"TCHAIKOVSKY: CONCERTO NO. 1 IN B FLAT MINOR, OP. 23",729,2,29,160,52
916,TCHAIKOVSKY: PIANO CONCERTO NO. 1 LIVE PERFORMANCE,738,2,25,161,37
917,TEA FOR TWO,28,1,13,64,33
918,TEACH ME TONIGHT,175,1,26,130,48
919,TELL IT LIKE IT IS,5,1,42,146,60
920,TEN,531,2,48,89,84
921,TEN CENTS A DANCE,578,1,26,50,24
922,TENDERLY,585,1,46,130,41
923,TENOR MADNESS,608,1,46,157,50
924,TEQUILA,647,1,28,44,52
925,TEXAS FLOOD,624,2,48,88,77
926,THANK YOU FALETTINME BE MICE ELF AGIN,603,1,44,88,63
927,THANKS FOR THE MEMORY,90,1,32,64,32
928,THAT NIGGER'S CRAZY,562,2,40,150,68
929,THAT'LL BE THE DAY,653,1,25,34,51
930,THAT'S ALL RIGHT,29,1,45,161,43
931,THAT'S ALL RIGHT,216,1,25,184,48
932,THAT'S MY DESIRE,247,1,25,130,41
933,THAT'S THE WAY OF THE WORLD,199,2,31,50,69
934,"THE ""IN"" CROWD",690,1,36,14,59
935,THE ASTAIRE STORY,252,2,26,130,47
936,THE BAND,637,2,26,39,63
937,THE BARBRA STREISAND ALBUM,43,2,33,50,57
938,THE BASEMENT TAPES,89,2,43,50,69
939,THE BATTLE OF NEW ORLEANS,368,1,29,50,53
940,THE BEATLES WHITE ALBUM,639,2,27,12,62
941,THE BRIDGE,607,2,42,161,56
942,THE BUTTON-DOWN MIND OF BOB NEWHART,92,2,34,208,54
943,THE CARS,644,2,48,81,72
944,THE CHICAGO TRANSIT AUTHORITY,138,2,41,50,63
945,THE CHRISTMAS SONG,481,1,1,39,40
946,THE CHRONIC,190,2,45,62,85
947,THE CITY OF NEW ORLEANS,25,1,44,162,66
948,THE CRADLE WILL ROCK,501,2,25,137,32
949,THE DARK END OF THE STREET,323,1,43,100,61
950,THE DARK SIDE OF THE MOON,546,2,26,104,67
951,THE DOORS,659,2,29,81,61
952,THE FAT MAN,234,1,43,107,43
953,THE GAMBLER,390,1,48,191,72
954,"THE GENIUS OF ART TATUM, VOLS. 1–13",28,2,5,49,96
955,"THE GENIUS OF MODERN MUSIC, VOLS. 1 & 2",711,2,30,29,43
956,THE GENIUS OF RAY CHARLES,558,2,24,22,54
957,THE GIRL FROM IPANEMA,618,1,27,197,58
958,"THE GOOD, THE BAD AND THE UGLY",219,2,36,191,61
959,THE GREAT PRETENDER,687,1,29,130,50
960,THE HARDER THEY COME,346,2,35,110,67
961,THE HI-LO'S AND ALL THAT JAZZ,665,2,25,50,52
962,THE HOUSE I LIVE IN,245,1,25,50,40
963,THE HOUSE OF THE RISING SUN,636,1,26,131,58
964,THE INCREDIBLE JAZZ GUITAR OF WES MONTGOMERY,749,2,26,163,54
965,THE JAMES BOND THEME,672,1,35,191,56
966,THE JOSHUA TREE,726,2,41,110,81
967,THE KING AND I,509,2,27,64,45
968,THE KÖLN CONCERT,389,2,38,79,69
969,THE LETTER,641,1,38,126,61
970,THE LITTLE OLD LOG CABIN IN THE LANE,237,1,25,143,17
971,THE LOCO-MOTION,433,1,43,73,56
972,THE LONELY BULL,701,1,25,2,56
973,THE LOOK OF LOVE,197,1,35,159,61
974,THE LOW END THEORY,2,2,48,113,84
975,THE MESSAGE,285,1,39,183,76
976,THE MISEDUCATION OF LAURYN HILL,405,2,49,168,87
977,THE MUSIC FROM PETER GUNN,300,2,25,161,53
978,THE MUSIC MAN,506,2,25,39,52
979,THE PINK PANTHER,299,2,28,159,58
980,THE PLAY OF DANIEL,484,2,25,64,52
981,THE PRISONER'S SONG,732,1,25,198,19
982,THE REVOLUTION WILL NOT BE TELEVISED,276,1,41,93,64
983,THE RISE AND FALL OF ZIGGY STARDUST AND THE SPIDERS FROM MARS,160,2,26,159,66
984,THE SHAPE OF JAZZ TO COME,515,2,42,22,53
985,THE SIDEWINDER,408,2,27,29,50
986,THE SOUND OF MUSIC — SOUNDTRACK,382,2,25,159,59
987,THE SOUNDS OF SILENCE,595,1,31,50,59
988,THE STAR-SPANGLED BANNER,339,3,36,57,64
989,THE STARS AND STRIPES FOREVER,611,1,25,50,3
990,THE STRANGER,74,2,35,50,71
991,THE TEARS OF A CLOWN,604,1,29,186,64
992,THE TENNESSEE WALTZ,524,1,25,130,44
993,THE THIRD MAN THEME,22,1,33,125,44
994,THE THRILL IS GONE,42,1,25,32,63
995,THE TIMES THEY ARE A-CHANGIN',88,3,40,50,58
996,THE TITANIC,224,1,40,143,18
997,THE TRACKS OF MY TEARS,680,1,34,186,59
998,THE TWIST,141,1,27,148,54
999,THE VELVET UNDERGROUND & NICO,704,2,35,197,61
1000,THE VERY THOUGHT OF YOU,559,1,32,198,28
1001,THE WALL,546,2,35,50,73
1002,THE WALLFLOWER AKA ROLL WITH ME HENRY,228,1,35,134,49
1003,THE WANDERER,177,1,44,121,55
1004,THE WAY WE WERE,43,1,35,50,68
1005,THE WAY YOU LOOK TONIGHT,251,1,25,34,30
1006,THE WEAVERS AT CARNEGIE HALL,706,2,25,194,51
1007,THE WILD SIDE OF LIFE,289,1,26,39,46
1008,THE WILDEST,447,2,26,39,51
1009,THE WIZARD OF OZ — MUSICAL AND DRAMATIC SELECTIONS RECORDED DIRECTLY FROM THE SOUNDTRACK OF MGM'S TECHNICOLOR FILM,380,2,33,132,50
1010,THELONIOUS MONK WITH JOHN COLTRANE,714,2,34,112,55
1011,THEME FROM A SUMMER PLACE,534,1,27,50,54
1012,"THEME FROM NEW YORK, NEW YORK",245,1,40,162,74
1013,THEME FROM SHAFT,313,1,26,87,65
1014,THERE GOES MY BABY,660,1,25,22,53
1015,THERE'S A RIOT GOIN' ON,603,2,26,88,65
1016,THESE BOOTS ARE MADE FOR WALKIN',480,1,47,162,59
1017,THEY CAN'T TAKE THAT AWAY FROM ME,253,1,32,34,31
1018,THEY LONG TO BE CLOSE TO YOU,122,1,27,2,64
1019,THIS LAND IS YOUR LAND,759,1,16,18,41
1020,THIS TRAIN,599,1,43,64,33
1021,THRILLER,465,2,35,88,76
1022,TILL THE END OF TIME,537,1,25,161,39
1023,TIME IS ON MY SIDE,312,1,48,107,58
1024,TIME OUT,159,2,36,50,53
1025,TINY DANCER,214,1,47,192,66
1026,TIPITINA,550,1,25,22,47
1027,"TO BE YOUNG, GIFTED AND BLACK",485,1,46,161,63
1028,TOM DOOLEY,395,1,25,39,52
1029,TOMMY,707,2,25,64,63
1030,"TOP HAT, WHITE TIE AND TAILS",251,1,35,34,29
1031,TRIO,185,2,48,208,81
1032,TRUMPET BLUES AND CANTABILE,294,2,26,50,36
1033,TRY A LITTLE TENDERNESS,517,1,42,206,60
1034,TUBULAR BELLS,467,2,45,202,67
1035,TUMBLING TUMBLEWEEDS,609,1,29,64,28
1036,TURN ON YOUR LOVE LIGHT,96,1,26,77,55
1037,TURN! TURN! TURN! TO EVERYTHING THERE IS A SEASON,642,1,28,50,59
1038,TUTTI-FRUTTI,434,1,25,180,49
1039,TWIST AND SHOUT,669,1,37,207,56
1040,UN POCO LOCO,106,1,26,29,45
1041,UNCHAINED MELODY,691,1,27,197,59
1042,UNCLOUDY DAY,696,1,26,195,50
1043,UNDER THE BOARDWALK,660,1,41,22,58
1044,UNFORGETTABLE,481,1,27,39,45
1045,UNFORGETTABLE,175,1,28,130,53
1046,UP-UP AND AWAY,633,1,30,177,61
1047,VAYA CON DIOS MAY GOD BE WITH YOU,425,1,32,39,47
1048,VERDI: CELESTE AIDA,220,1,20,198,7
1049,VERDI: OTELLO,39,2,35,161,47
1050,VILLA-LOBOS: BACHIANAS BRASILEIRAS NO. 5 — ARIA,58,1,11,50,39
1051,VIVALDI — THE FOUR SEASONS,446,2,29,55,43
1052,WABASH CANNONBALL,572,1,25,50,41
1053,WAGNER: DER RING DES NIBELUNGEN,267,2,25,125,97
1054,WAGNER: TRISTAN UND ISOLDE COMPLETE,752,2,15,161,47
1055,WAKE UP LITTLE SUSIE,661,1,44,38,51
1056,WALK DON'T RUN,705,1,33,74,54
1057,WALK ON BY,179,1,25,171,58
1058,WALK ON THE WILD SIDE,438,1,42,161,66
1059,WALK RIGHT IN,114,1,34,198,24
1060,WALK THIS WAY,8,1,46,50,69
1061,WALK THIS WAY,577,1,41,158,80
1062,WALKIN' AFTER MIDNIGHT,522,1,47,64,51
1063,WALKING THE DOG,576,1,29,181,57
1064,WALKING THE FLOOR OVER YOU,223,1,25,64,35
1065,WALKING TO NEW ORLEANS,234,1,38,107,54
1066,WALT DISNEY'S FANTASIA — SOUNDTRACK,422,2,31,36,50
1067,WALTZ FOR DEBBY,67,2,25,163,55
1068,WANTED! THE OUTLAWS,746,2,34,161,70
1069,WAR,207,1,26,101,64
1070,WASTED DAYS AND WASTED NIGHTS,255,1,39,5,69
1071,WATERMELON MAN,476,1,25,24,57
1072,WE ARE FAMILY,600,1,35,58,73
1073,WE ARE THE WORLD,728,1,48,50,79
1074,WE GOTTA GET OUT OF THIS PLACE,636,1,38,131,59
1075,WE SHALL OVERCOME,538,2,26,50,57
1076,WE'VE ONLY JUST BEGUN,122,1,25,2,64
1077,WEATHER BIRD,440,1,35,143,22
1078,WEILL: THE THREEPENNY OPERA,710,2,21,131,48
1079,WEST END BLUES,442,1,1,143,22
1080,WEST SIDE STORY,494,2,18,50,52
1081,WEST SIDE STORY — SOUNDTRACK,731,2,31,50,55
1082,WHAT A DIFF'RENCE A DAY MAKES,175,1,25,130,53
1083,WHAT A FOOL BELIEVES,658,1,49,208,72
1084,WHAT A WONDERFUL WORLD,439,1,26,3,61
1085,WHAT A WONDERFUL WORLD,580,1,41,118,54
1086,WHAT DID I DO TO BE SO BLACK AND BLUE,443,1,43,143,23
1087,WHAT KIND OF FOOL AM I?,583,1,29,162,56
1088,WHAT THE WORLD NEEDS NOW IS LOVE,316,1,35,107,59
1089,WHAT'D I SAY PART I,558,1,27,22,53
1090,WHAT'S GOING ON,457,2,25,186,65
1091,WHAT'S LOVE GOT TO DO WITH IT,718,1,39,39,78
1092,WHEEL OF FORTUNE,388,1,25,39,46
1093,WHEN A MAN LOVES A WOMAN,536,1,26,22,60
1094,WHEN THE LEVEE BREAKS,386,1,48,50,23
1095,WHEN THE SAINTS GO MARCHING IN,443,1,44,64,33
1096,WHEN YOU WISH UPON A STAR,143,3,29,198,34
1097,WHERE DID OUR LOVE GO?,697,1,26,136,58
1098,WHERE HAVE ALL THE FLOWERS GONE,538,1,29,50,58
1099,WHISPERING,530,1,25,198,14
1100,WHITE CHRISTMAS,79,1,1,64,36
1101,WHITE RABBIT,335,1,25,159,61
1102,WHITNEY HOUSTON,750,2,40,16,79
1103,WHO DO YOU LOVE?,87,1,37,45,50
1104,WHO'S NEXT,707,2,34,64,65
1105,WHOLE LOT OF SHAKIN' GOING ON,337,1,26,184,51
1106,WHOLE LOTTA LOVE,407,1,34,22,63
1107,WHY DO FOOLS FALL IN LOVE,699,1,28,97,49
1108,WICHITA LINEMAN,278,1,27,39,62
1109,WILD THING,702,1,46,95,60
1110,WILDWOOD FLOWER,645,1,26,161,23
1111,WILL THE CIRCLE BE UNBROKEN,487,2,25,191,66
1112,WILL YOU LOVE ME TOMORROW,694,1,26,171,54
1113,WIPE OUT,698,1,47,76,57
1114,WITH A LITTLE HELP FROM MY FRIENDS,353,1,28,2,63
1115,WOODCHOPPER'S BALL,760,1,29,64,33
1116,WOODSTOCK — MUSIC FROM THE ORIGINAL SOUNDTRACK AND MORE,731,2,41,57,64
1117,WOOLY BULLY,581,1,36,131,59
1118,WORKINGMAN'S DEAD,286,2,26,208,64
1119,WORRIED LIFE BLUES,62,1,33,30,35
1120,WRECK OF THE OLD 97,732,1,48,198,18
1121,Y.M.C.A.,734,1,48,41,72
1122,YAKETY YAK,652,1,26,21,52
1123,YANKEE DOODLE BOY,75,1,33,50,4
1124,YARDBIRD SUITE,130,1,41,72,40
1125,YESTERDAY,639,1,24,39,59
1126,YOU ALWAYS HURT THE ONE YOU LOVE,473,1,44,64,38
1127,YOU ARE MY SUNSHINE,340,1,26,65,34
1128,YOU ARE SO BEAUTIFUL,353,1,43,2,68
1129,YOU ARE THE SUNSHINE OF MY LIFE,625,1,29,186,67
1130,YOU BELONG TO ME,349,1,25,50,46
1131,YOU DON'T MISS YOUR WATER,753,1,49,181,55
1132,YOU DON'T OWN ME,426,1,44,130,57
1133,YOU KEEP ME HANGIN' ON,697,1,26,136,60
1134,YOU MADE ME LOVE YOU I DIDN'T WANT TO DO IT,294,1,37,50,35
1135,YOU REALLY GOT ME,675,1,26,162,58
1136,YOU SEND ME,580,1,25,118,51
1137,YOU'RE SO VAIN,120,1,31,81,67
1138,YOU'RE THE TOP,226,1,35,34,28
1139,YOU'VE GOT A FRIEND,121,3,29,141,65
1140,YOU'VE GOT A FRIEND,326,1,28,208,65
1141,YOU'VE LOST THAT LOVIN' FEELIN',691,1,25,153,58
1142,YOU'VE REALLY GOT A HOLD ON ME,680,1,25,186,56
1143,YOUR CHEATIN' HEART,290,1,10,131,47
1144,YOUR LOVE KEEPS LIFTING ME HIGHER AND HIGHER,317,1,26,34,61
1145,YOUR SONG,214,1,25,192,64
1146,#1 RECORD,763,2,50,213,66
1147,COLOR HIM FATHER,764,1,50,155,63
1148,CONGA,765,1,50,88,79
1149,HOW I GOT OVER,766,1,50,214,44
1150,J.D. CROWE & THE NEW SOUTH,767,2,50,215,69
1151,KNOCK ON WOOD,768,1,50,181,60
1152,LAST KIND WORDS BLUES,769,1,50,147,24
1153,NEVER TOO MUCH,770,2,50,88,75
1154,REASONABLE DOUBT,771,2,50,216,101
1155,SUPERNATURAL,584,2,50,16,100
1156,TEA FOR THE TILLERMAN,772,2,50,217,64
1157,WRECKING BALL,773,2,50,81,99
1158,ZOMBIE,774,2,50,218,70